{
  "swagger": "2.0",
  "info": {
    "version": "1.0.0",
    "title": "Enterprise Reporting Portal Application API",
    "description": "Enterprise Reporting Portal Application API",
    "license": {
      "name": "CDW",
      "url": "https://opensource.org/licenses/MIT"
    }
  },
  "host": "localhost:8080",
  "basePath": "/api",
  "tags": [
    {
      "name": "Admin Roles",
      "description": "API for User Roles"
    }
  ],
  "schemes": [
    "http",
    "HTTPS"
  ],
  "consumes": [
    "application/json"
  ],
  "produces": [
    "application/json"
  ],
  "paths": {
    "/userRoles/getAdminRoles": {
      "get": {
        "tags": [
          "Admin Roles"
        ],
        "summary": "Get all admin roles in system",
        "responses": {
          "200": {
            "description": "OK",
            "schema": {
              "type": "array",
              "items": {
                "$ref": "#/definitions/AdminRoles"
              }
            }
          }
        }
      }
    },
    "/userRoles/getAdminRoleTypes": {
      "get": {
        "tags": [
          "Admin Roles"
        ],
        "summary": "Get all admin roles in system",
        "responses": {
          "200": {
            "description": "OK",
            "schema": {
              "type": "array",
              "items": {
                "$ref": "#/definitions/AdminRoleTypes"
              }
            }
          }
        }
      }
    },
    "/userRoles/addUserRole": {
      "post": {
        "tags": [
          "Admin Roles"
        ],
        "description": "Create new Admin Role in system",
        "content": {
          "application/json": {
            "schema": {
              "$ref": "#/definitions/CreateAdminRole"
            },
            "examples": {
              "user": {
                "summary": "User Example",
                "externalValue": "http://foo.bar/examples/user-example.json"
              }
            }
          }
        },
        "parameters": [
          {
            "name": "Admin Role",
            "in": "body",
            "description": "User that we want to create",
            "schema": {
              "$ref": "#/definitions/CreateAdminRole"
            }
          }
        ],
        "produces": [
          "application/json"
        ],
        "responses": {
          "200": {
            "description": "New user is created",
            "schema": {
              "$ref": "#/definitions/CreateAdminRole"
            }
          }
        }
      }
    }
  },
  "definitions": {
    "User": {
      "required": [
        "email",
        "_id"
      ],
      "properties": {
        "_id": {
          "type": "string",
          "uniqueItems": true
        },
        "email": {
          "type": "string",
          "uniqueItems": true
        },
        "lastName": {
          "type": "string"
        },
        "firstName": {
          "type": "string"
        }
      }
    },
    "Users": {
      "type": "array",
      "$ref": "#/definitions/User"
    },
    "AdminRole": {
      "required": [
        "adminRoleName",
        "adminRoleTypeId"
      ],
      "properties": {
        "adminRoleId": {
          "type": "number",
          "uniqueItems": true
        },
        "adminRoleName": {
          "type": "string"
        },
        "adminRoleDescription": {
          "type": "string"
        },
        "adminRoleTypeId": {
          "type": "number"
        },
        "roleType": {
          "type": "string"
        },
        "assignedUsers": {
          "type": "number"
        }
      }
    },
    "AdminRoles": {
      "type": "array",
      "$ref": "#/definitions/AdminRole"
    },
    "AdminRoleType": {
      "required": [
        "adminRoleTypeName",
        "adminRoleTypeId"
      ],
      "properties": {
        "adminRoleTypeId": {
          "type": "number",
          "uniqueItems": true
        },
        "adminRoleTypeName": {
          "type": "string"
        },
        "entity": {
          "type": "string"
        }
      }
    },
    "AdminRoleTypes": {
      "type": "array",
      "$ref": "#/definitions/AdminRoleType"
    },
    "Permission": {
      "properties": {
        "categoryId": {
          "type": "number"
        },
        "adminPermissionName": {
          "type": "string"
        },       
        "adminPermissionId": {
          "type": "number"
        },
        "isView": {
          "type": "boolean"
        },
        "isAdd": {
          "type": "boolean"
        },
        "isEdit": {
          "type": "boolean"
        }        
      }
    },
    "CreateAdminRole": {
      "properties": {
        "adminRoleTypeId": {
          "type": "number"
        },
        "adminRoleName": {
          "type": "string"
        },
        "adminRoleDescription": {
          "type": "string"
        },
        "isDefaultRole": {
          "type": "boolean"
        },
        "permissions": {
          "type": "array",
          "items": {
            "$ref": "#/definitions/Permission"
          }
        }
      }
    }
  }
}